Fecha,SPEI,Zona
1901-01-16,1.0551213,Sevilla
1901-02-15,0.753951,Sevilla
1901-03-16,1.820505,Sevilla
1901-04-16,0.5804532,Sevilla
1901-05-16,0.31030166,Sevilla
1901-06-16,-0.7698055,Sevilla
1901-07-16,-0.1302933,Sevilla
1901-08-16,0.88474005,Sevilla
1901-09-16,1.7237018,Sevilla
1901-10-16,0.76218915,Sevilla
1901-11-16,1.0832875,Sevilla
1901-12-16,0.60974044,Sevilla
1902-01-16,-1.5326085,Sevilla
1902-02-15,1.469924,Sevilla
1902-03-16,0.03496491,Sevilla
1902-04-16,1.4956604,Sevilla
1902-05-16,0.5244416,Sevilla
1902-06-16,1.0098037,Sevilla
1902-07-16,1.8126242,Sevilla
1902-08-16,2.4669113,Sevilla
1902-09-16,0.6716816,Sevilla
1902-10-16,1.7080113,Sevilla
1902-11-16,1.2279073,Sevilla
1902-12-16,0.27102935,Sevilla
1903-01-16,0.10457524,Sevilla
1903-02-15,-1.3202496,Sevilla
1903-03-16,-0.4163658,Sevilla
1903-04-16,0.3149267,Sevilla
1903-05-16,1.4265771,Sevilla
1903-06-16,1.7093288,Sevilla
1903-07-16,1.5505867,Sevilla
1903-08-16,0.6972254,Sevilla
1903-09-16,1.2280419,Sevilla
1903-10-16,-0.12075425,Sevilla
1903-11-16,-0.69546676,Sevilla
1903-12-16,1.3326743,Sevilla
1904-01-16,0.52118874,Sevilla
1904-02-15,1.0900115,Sevilla
1904-03-16,1.1024029,Sevilla
1904-04-16,-0.24974045,Sevilla
1904-05-16,-0.527972,Sevilla
1904-06-16,1.1294901,Sevilla
1904-07-16,0.5662544,Sevilla
1904-08-16,1.0532509,Sevilla
1904-09-16,1.8088744,Sevilla
1904-10-16,-0.30741054,Sevilla
1904-11-16,0.46664095,Sevilla
1904-12-16,0.23711795,Sevilla
1905-01-16,-0.26206166,Sevilla
1905-02-15,-1.2304302,Sevilla
1905-03-16,-0.9724484,Sevilla
1905-04-16,-0.2808324,Sevilla
1905-05-16,0.9865913,Sevilla
1905-06-16,0.99390316,Sevilla
1905-07-16,1.5810758,Sevilla
1905-08-16,1.1024112,Sevilla
1905-09-16,0.46802714,Sevilla
1905-10-16,0.4490279,Sevilla
1905-11-16,1.4236704,Sevilla
1905-12-16,-0.11452799,Sevilla
1906-01-16,-1.0718309,Sevilla
1906-02-15,-0.6343723,Sevilla
1906-03-16,0.41395283,Sevilla
1906-04-16,0.44326127,Sevilla
1906-05-16,1.028288,Sevilla
1906-06-16,1.0349767,Sevilla
1906-07-16,0.84560746,Sevilla
1906-08-16,0.39384127,Sevilla
1906-09-16,1.7421927,Sevilla
1906-10-16,0.21149006,Sevilla
1906-11-16,0.26817724,Sevilla
1906-12-16,-0.6864422,Sevilla
1907-01-16,-0.6906819,Sevilla
1907-02-15,-0.67922544,Sevilla
1907-03-16,-1.5030273,Sevilla
1907-04-16,0.08233054,Sevilla
1907-05-16,0.68814987,Sevilla
1907-06-16,-0.0538329,Sevilla
1907-07-16,1.4452206,Sevilla
1907-08-16,0.2691784,Sevilla
1907-09-16,1.926417,Sevilla
1907-10-16,1.4994835,Sevilla
1907-11-16,1.0538086,Sevilla
1907-12-16,0.2136158,Sevilla
1908-01-16,0.3871843,Sevilla
1908-02-15,-0.74284804,Sevilla
1908-03-16,-0.19236076,Sevilla
1908-04-16,-0.12626687,Sevilla
1908-05-16,-0.6222866,Sevilla
1908-06-16,2.1089733,Sevilla
1908-07-16,0.65230906,Sevilla
1908-08-16,1.2310234,Sevilla
1908-09-16,0.34647658,Sevilla
1908-10-16,-0.4054846,Sevilla
1908-11-16,1.0916265,Sevilla
1908-12-16,0.02652592,Sevilla
1909-01-16,0.021830665,Sevilla
1909-02-15,-0.25122258,Sevilla
1909-03-16,1.5820475,Sevilla
1909-04-16,-0.04389481,Sevilla
1909-05-16,1.4193562,Sevilla
1909-06-16,1.0066339,Sevilla
1909-07-16,0.24986528,Sevilla
1909-08-16,1.1369332,Sevilla
1909-09-16,0.40610093,Sevilla
1909-10-16,-0.14479561,Sevilla
1909-11-16,1.6585674,Sevilla
1909-12-16,0.41483924,Sevilla
1910-01-16,-1.1850642,Sevilla
1910-02-15,-0.81479853,Sevilla
1910-03-16,-0.21423393,Sevilla
1910-04-16,0.52194715,Sevilla
1910-05-16,1.8103905,Sevilla
1910-06-16,0.66952705,Sevilla
1910-07-16,1.2696319,Sevilla
1910-08-16,0.89982444,Sevilla
1910-09-16,0.7709371,Sevilla
1910-10-16,1.191295,Sevilla
1910-11-16,-0.71204746,Sevilla
1910-12-16,1.6592332,Sevilla
1911-01-16,-0.032416675,Sevilla
1911-02-15,-0.7348771,Sevilla
1911-03-16,1.3470677,Sevilla
1911-04-16,1.3728209,Sevilla
1911-05-16,0.9821585,Sevilla
1911-06-16,1.114565,Sevilla
1911-07-16,0.61350846,Sevilla
1911-08-16,1.5553762,Sevilla
1911-09-16,-0.4839926,Sevilla
1911-10-16,0.98874557,Sevilla
1911-11-16,0.048078112,Sevilla
1911-12-16,0.39155215,Sevilla
1912-01-16,1.2314566,Sevilla
1912-02-15,1.6884133,Sevilla
1912-03-16,-0.602364,Sevilla
1912-04-16,0.07637815,Sevilla
1912-05-16,-1.0866938,Sevilla
1912-06-16,0.796132,Sevilla
1912-07-16,1.8520654,Sevilla
1912-08-16,1.1024112,Sevilla
1912-09-16,1.2596886,Sevilla
1912-10-16,0.24323833,Sevilla
1912-11-16,-1.0809698,Sevilla
1912-12-16,-0.64774036,Sevilla
1913-01-16,0.3999782,Sevilla
1913-02-15,0.2777794,Sevilla
1913-03-16,1.0071896,Sevilla
1913-04-16,-0.23422477,Sevilla
1913-05-16,0.0011048244,Sevilla
1913-06-16,-0.47606787,Sevilla
1913-07-16,0.6290918,Sevilla
1913-08-16,1.3715286,Sevilla
1913-09-16,1.6102722,Sevilla
1913-10-16,1.6711941,Sevilla
1913-11-16,-1.0230798,Sevilla
1913-12-16,-0.7747731,Sevilla
1914-01-16,-0.10670028,Sevilla
1914-02-15,0.46626866,Sevilla
1914-03-16,-0.41431826,Sevilla
1914-04-16,0.54866904,Sevilla
1914-05-16,-0.11616074,Sevilla
1914-06-16,0.5238466,Sevilla
1914-07-16,1.7722784,Sevilla
1914-08-16,0.681058,Sevilla
1914-09-16,-0.8812453,Sevilla
1914-10-16,0.68362373,Sevilla
1914-11-16,0.5767115,Sevilla
1914-12-16,0.6670111,Sevilla
1915-01-16,1.0424906,Sevilla
1915-02-15,0.35552448,Sevilla
1915-03-16,1.3901354,Sevilla
1915-04-16,0.44874412,Sevilla
1915-05-16,0.8145635,Sevilla
1915-06-16,0.500048,Sevilla
1915-07-16,0.7949561,Sevilla
1915-08-16,0.446175,Sevilla
1915-09-16,-0.42623845,Sevilla
1915-10-16,-0.48409438,Sevilla
1915-11-16,1.0735121,Sevilla
1915-12-16,-0.100094244,Sevilla
1916-01-16,-1.259791,Sevilla
1916-02-15,0.97279286,Sevilla
1916-03-16,1.8833005,Sevilla
1916-04-16,-0.7522235,Sevilla
1916-05-16,0.30750936,Sevilla
1916-06-16,0.112562925,Sevilla
1916-07-16,1.1476761,Sevilla
1916-08-16,0.9222963,Sevilla
1916-09-16,1.2500068,Sevilla
1916-10-16,-0.99970686,Sevilla
1916-11-16,1.0209912,Sevilla
1916-12-16,1.1713116,Sevilla
1917-01-16,0.9980715,Sevilla
1917-02-15,1.0683844,Sevilla
1917-03-16,1.2447586,Sevilla
1917-04-16,-0.64197433,Sevilla
1917-05-16,0.86859846,Sevilla
1917-06-16,0.86191195,Sevilla
1917-07-16,0.24986528,Sevilla
1917-08-16,1.1437787,Sevilla
1917-09-16,-0.5919537,Sevilla
1917-10-16,-1.0216242,Sevilla
1917-11-16,-1.6245314,Sevilla
1917-12-16,0.1603034,Sevilla
1918-01-16,1.6361463,Sevilla
1918-02-15,-1.0866196,Sevilla
1918-03-16,0.54732645,Sevilla
1918-04-16,1.0196617,Sevilla
1918-05-16,0.14519152,Sevilla
1918-06-16,-0.33528802,Sevilla
1918-07-16,0.8384339,Sevilla
1918-08-16,0.3938403,Sevilla
1918-09-16,0.1797596,Sevilla
1918-10-16,-0.35055107,Sevilla
1918-11-16,0.33454865,Sevilla
1918-12-16,-1.0551933,Sevilla
1919-01-16,0.1628648,Sevilla
1919-02-15,1.2571557,Sevilla
1919-03-16,0.3709931,Sevilla
1919-04-16,0.5433418,Sevilla
1919-05-16,-0.50286716,Sevilla
1919-06-16,0.0070500844,Sevilla
1919-07-16,1.7494607,Sevilla
1919-08-16,-0.065417714,Sevilla
1919-09-16,1.0696734,Sevilla
1919-10-16,0.71505994,Sevilla
1919-11-16,1.8435857,Sevilla
1919-12-16,-1.0814646,Sevilla
1920-01-16,-0.44780317,Sevilla
1920-02-15,0.85504556,Sevilla
1920-03-16,-0.10373167,Sevilla
1920-04-16,-0.0075784544,Sevilla
1920-05-16,1.026112,Sevilla
1920-06-16,0.28465515,Sevilla
1920-07-16,0.7729362,Sevilla
1920-08-16,0.681058,Sevilla
1920-09-16,-0.3442928,Sevilla
1920-10-16,0.20749892,Sevilla
1920-11-16,0.962564,Sevilla
1920-12-16,0.67709595,Sevilla
1921-01-16,-0.8577794,Sevilla
1921-02-15,0.89109606,Sevilla
1921-03-16,-0.22420211,Sevilla
1921-04-16,0.44874412,Sevilla
1921-05-16,0.82877016,Sevilla
1921-06-16,0.4191403,Sevilla
1921-07-16,-0.0005409422,Sevilla
1921-08-16,1.0390255,Sevilla
1921-09-16,1.3538761,Sevilla
1921-10-16,-0.35511035,Sevilla
1921-11-16,-0.15855068,Sevilla
1921-12-16,-0.12280862,Sevilla
1922-01-16,0.08230888,Sevilla
1922-02-15,-0.46220818,Sevilla
1922-03-16,0.81437624,Sevilla
1922-04-16,-1.0057836,Sevilla
1922-05-16,-0.7859972,Sevilla
1922-06-16,1.2668504,Sevilla
1922-07-16,0.9092455,Sevilla
1922-08-16,0.20559017,Sevilla
1922-09-16,0.3816827,Sevilla
1922-10-16,1.3390394,Sevilla
1922-11-16,-1.0616617,Sevilla
1922-12-16,0.09240799,Sevilla
1923-01-16,-1.2372315,Sevilla
1923-02-15,0.41249636,Sevilla
1923-03-16,-0.76357764,Sevilla
1923-04-16,2.1590166,Sevilla
1923-05-16,-0.27231812,Sevilla
1923-06-16,1.3839648,Sevilla
1923-07-16,0.5262999,Sevilla
1923-08-16,-0.68656194,Sevilla
1923-09-16,0.3606045,Sevilla
1923-10-16,-0.44699106,Sevilla
1923-11-16,1.4911871,Sevilla
1923-12-16,-1.1025754,Sevilla
1924-01-16,0.16286485,Sevilla
1924-02-15,1.1548948,Sevilla
1924-03-16,1.6101084,Sevilla
1924-04-16,0.31492677,Sevilla
1924-05-16,-0.6159928,Sevilla
1924-06-16,-0.22188465,Sevilla
1924-07-16,-0.0005409422,Sevilla
1924-08-16,0.34971955,Sevilla
1924-09-16,-0.43447053,Sevilla
1924-10-16,0.24521202,Sevilla
1924-11-16,0.64291745,Sevilla
1924-12-16,0.3304282,Sevilla
1925-01-16,-1.581315,Sevilla
1925-02-15,0.5469065,Sevilla
1925-03-16,-0.33282328,Sevilla
1925-04-16,-0.67664355,Sevilla
1925-05-16,0.33257,Sevilla
1925-06-16,2.0110707,Sevilla
1925-07-16,1.2696322,Sevilla
1925-08-16,0.42009202,Sevilla
1925-09-16,-0.8349723,Sevilla
1925-10-16,-0.1469875,Sevilla
1925-11-16,1.2175812,Sevilla
1925-12-16,1.0962802,Sevilla
1926-01-16,-0.28788316,Sevilla
1926-02-15,0.75576615,Sevilla
1926-03-16,-0.2501927,Sevilla
1926-04-16,-0.12933397,Sevilla
1926-05-16,0.74966425,Sevilla
1926-06-16,-0.3602207,Sevilla
1926-07-16,-0.26246583,Sevilla
1926-08-16,0.24202497,Sevilla
1926-09-16,-1.3974797,Sevilla
1926-10-16,0.9656209,Sevilla
1926-11-16,0.88395953,Sevilla
1926-12-16,-1.2963856,Sevilla
1927-01-16,-0.1556449,Sevilla
1927-02-15,0.3788742,Sevilla
1927-03-16,-0.6712702,Sevilla
1927-04-16,-1.4754134,Sevilla
1927-05-16,0.576559,Sevilla
1927-06-16,0.15305404,Sevilla
1927-07-16,1.4289007,Sevilla
1927-08-16,0.68105817,Sevilla
1927-09-16,-0.9570028,Sevilla
1927-10-16,0.69359905,Sevilla
1927-11-16,0.71067196,Sevilla
1927-12-16,1.5246011,Sevilla
1928-01-16,-1.2748991,Sevilla
1928-02-15,0.29305515,Sevilla
1928-03-16,1.1502113,Sevilla
1928-04-16,1.3203926,Sevilla
1928-05-16,1.0606827,Sevilla
1928-06-16,-0.06327651,Sevilla
1928-07-16,-1.2214055,Sevilla
1928-08-16,-0.5304484,Sevilla
1928-09-16,1.7731639,Sevilla
1928-10-16,-0.6200948,Sevilla
1928-11-16,-0.18724911,Sevilla
1928-12-16,-0.58796364,Sevilla
1929-01-16,-0.77664536,Sevilla
1929-02-15,0.8394006,Sevilla
1929-03-16,-0.38366288,Sevilla
1929-04-16,0.12972449,Sevilla
1929-05-16,-0.20767936,Sevilla
1929-06-16,-0.16844891,Sevilla
1929-07-16,0.3697833,Sevilla
1929-08-16,-0.0084708575,Sevilla
1929-09-16,0.7860894,Sevilla
1929-10-16,-0.5682466,Sevilla
1929-11-16,-0.15634981,Sevilla
1929-12-16,-0.34417236,Sevilla
1930-01-16,0.7730298,Sevilla
1930-02-15,0.2734009,Sevilla
1930-03-16,-0.4184138,Sevilla
1930-04-16,1.9133989,Sevilla
1930-05-16,0.16255859,Sevilla
1930-06-16,2.091218,Sevilla
1930-07-16,1.29318,Sevilla
1930-08-16,-0.32562274,Sevilla
1930-09-16,-0.86020863,Sevilla
1930-10-16,-1.2075777,Sevilla
1930-11-16,-0.2094328,Sevilla
1930-12-16,-0.3197903,Sevilla
1931-01-16,-0.54348457,Sevilla
1931-02-15,-1.1815218,Sevilla
1931-03-16,1.6583349,Sevilla
1931-04-16,-0.3088797,Sevilla
1931-05-16,-0.26614374,Sevilla
1931-06-16,-0.7073257,Sevilla
1931-07-16,0.5263007,Sevilla
1931-08-16,1.010332,Sevilla
1931-09-16,0.36412704,Sevilla
1931-10-16,1.2802514,Sevilla
1931-11-16,-0.4060716,Sevilla
1931-12-16,-1.407132,Sevilla
1932-01-16,-0.3052292,Sevilla
1932-02-15,0.7136348,Sevilla
1932-03-16,0.65107,Sevilla
1932-04-16,0.26071626,Sevilla
1932-05-16,0.15677689,Sevilla
1932-06-16,1.0129685,Sevilla
1932-07-16,1.0249853,Sevilla
1932-08-16,-0.06541796,Sevilla
1932-09-16,1.4170724,Sevilla
1932-10-16,-0.6627338,Sevilla
1932-11-16,0.37482327,Sevilla
1932-12-16,0.95062673,Sevilla
1933-01-16,0.9233033,Sevilla
1933-02-15,-0.22878167,Sevilla
1933-03-16,0.43266287,Sevilla
1933-04-16,-1.3372326,Sevilla
1933-05-16,-0.8834514,Sevilla
1933-06-16,0.49206626,Sevilla
1933-07-16,-0.4931519,Sevilla
1933-08-16,-0.7352101,Sevilla
1933-09-16,-0.7089986,Sevilla
1933-10-16,0.83020717,Sevilla
1933-11-16,0.45925918,Sevilla
1933-12-16,0.5962591,Sevilla
1934-01-16,-1.3320514,Sevilla
1934-02-15,-1.14624,Sevilla
1934-03-16,0.47975558,Sevilla
1934-04-16,1.7207415,Sevilla
1934-05-16,-0.48405486,Sevilla
1934-06-16,-0.45073056,Sevilla
1934-07-16,-0.2434554,Sevilla
1934-08-16,0.681058,Sevilla
1934-09-16,-0.8055433,Sevilla
1934-10-16,-1.426957,Sevilla
1934-11-16,0.756935,Sevilla
1934-12-16,0.27456883,Sevilla
1935-01-16,-0.9651373,Sevilla
1935-02-15,-0.76412755,Sevilla
1935-03-16,-0.65662795,Sevilla
1935-04-16,-0.9528401,Sevilla
1935-05-16,1.7092308,Sevilla
1935-06-16,-0.0444094,Sevilla
1935-07-16,-0.26246583,Sevilla
1935-08-16,0.104126476,Sevilla
1935-09-16,-0.4964054,Sevilla
1935-10-16,-0.11857488,Sevilla
1935-11-16,0.5890429,Sevilla
1935-12-16,0.4394935,Sevilla
1936-01-16,1.5380193,Sevilla
1936-02-15,1.7181693,Sevilla
1936-03-16,1.7051871,Sevilla
1936-04-16,1.7239585,Sevilla
1936-05-16,1.5839922,Sevilla
1936-06-16,0.6806602,Sevilla
1936-07-16,0.667682,Sevilla
1936-08-16,-0.19002244,Sevilla
1936-09-16,-0.79293615,Sevilla
1936-10-16,-0.26010662,Sevilla
1936-11-16,-0.07777501,Sevilla
1936-12-16,-0.93345493,Sevilla
1937-01-16,1.3981616,Sevilla
1937-02-15,-0.8094563,Sevilla
1937-03-16,0.9365566,Sevilla
1937-04-16,0.0014703191,Sevilla
1937-05-16,-0.77026105,Sevilla
1937-06-16,0.039466552,Sevilla
1937-07-16,-0.5222416,Sevilla
1937-08-16,-0.30618384,Sevilla
1937-09-16,-0.7299626,Sevilla
1937-10-16,1.8886482,Sevilla
1937-11-16,0.599564,Sevilla
1937-12-16,0.12281935,Sevilla
1938-01-16,-1.1555456,Sevilla
1938-02-15,-1.317525,Sevilla
1938-03-16,-1.1057606,Sevilla
1938-04-16,-0.16314359,Sevilla
1938-05-16,0.78591585,Sevilla
1938-06-16,-1.0167713,Sevilla
1938-07-16,-0.26246583,Sevilla
1938-08-16,-0.06541796,Sevilla
1938-09-16,1.1427546,Sevilla
1938-10-16,-0.87359685,Sevilla
1938-11-16,-1.1292853,Sevilla
1938-12-16,0.9236829,Sevilla
1939-01-16,0.65475047,Sevilla
1939-02-15,-0.50362897,Sevilla
1939-03-16,-0.432763,Sevilla
1939-04-16,0.33190325,Sevilla
1939-05-16,-0.21381658,Sevilla
1939-06-16,1.6340032,Sevilla
1939-07-16,0.2758773,Sevilla
1939-08-16,0.59066516,Sevilla
1939-09-16,1.2132587,Sevilla
1939-10-16,1.7745839,Sevilla
1939-11-16,0.272121,Sevilla
1939-12-16,0.6393412,Sevilla
1940-01-16,1.3379712,Sevilla
1940-02-15,0.29957843,Sevilla
1940-03-16,0.050121494,Sevilla
1940-04-16,-0.9122415,Sevilla
1940-05-16,-0.2199576,Sevilla
1940-06-16,0.841359,Sevilla
1940-07-16,0.4448389,Sevilla
1940-08-16,-0.15152441,Sevilla
1940-09-16,-0.80134046,Sevilla
1940-10-16,1.2104739,Sevilla
1940-11-16,-0.4682851,Sevilla
1940-12-16,-1.3211061,Sevilla
1941-01-16,1.9024378,Sevilla
1941-02-15,1.6215236,Sevilla
1941-03-16,-0.43071175,Sevilla
1941-04-16,1.6216335,Sevilla
1941-05-16,0.5765591,Sevilla
1941-06-16,0.40679485,Sevilla
1941-07-16,1.477451,Sevilla
1941-08-16,0.17809916,Sevilla
1941-09-16,0.3358409,Sevilla
1941-10-16,-1.1634077,Sevilla
1941-11-16,0.15577504,Sevilla
1941-12-16,-0.9104696,Sevilla
1942-01-16,0.052270934,Sevilla
1942-02-15,0.058421895,Sevilla
1942-03-16,1.3481851,Sevilla
1942-04-16,1.4013906,Sevilla
1942-05-16,-0.5373925,Sevilla
1942-06-16,-0.5371971,Sevilla
1942-07-16,-0.707159,Sevilla
1942-08-16,-0.027408937,Sevilla
1942-09-16,0.993909,Sevilla
1942-10-16,1.4440714,Sevilla
1942-11-16,0.4758397,Sevilla
1942-12-16,0.32006493,Sevilla
1943-01-16,0.049749624,Sevilla
1943-02-15,-0.91932285,Sevilla
1943-03-16,1.1675316,Sevilla
1943-04-16,-0.004560758,Sevilla
1943-05-16,-0.55624187,Sevilla
1943-06-16,-1.832415,Sevilla
1943-07-16,1.160196,Sevilla
1943-08-16,-0.88044715,Sevilla
1943-09-16,0.18346478,Sevilla
1943-10-16,-0.48409432,Sevilla
1943-11-16,-1.6781669,Sevilla
1943-12-16,0.78561854,Sevilla
1944-01-16,-1.817488,Sevilla
1944-02-15,0.30825445,Sevilla
1944-03-16,-0.47594273,Sevilla
1944-04-16,-0.046929676,Sevilla
1944-05-16,-0.2538061,Sevilla
1944-06-16,0.22389495,Sevilla
1944-07-16,0.1885261,Sevilla
1944-08-16,1.2831316,Sevilla
1944-09-16,0.34647638,Sevilla
1944-10-16,-0.33007652,Sevilla
1944-11-16,-0.7714312,Sevilla
1944-12-16,-0.698607,Sevilla
1945-01-16,0.29959777,Sevilla
1945-02-15,-1.6264005,Sevilla
1945-03-16,-0.7425613,Sevilla
1945-04-16,-2.1978014,Sevilla
1945-05-16,-1.2199264,Sevilla
1945-06-16,-1.1863029,Sevilla
1945-07-16,-1.0381067,Sevilla
1945-08-16,0.048058152,Sevilla
1945-09-16,-1.8199552,Sevilla
1945-10-16,-0.8277695,Sevilla
1945-11-16,0.5465074,Sevilla
1945-12-16,0.77344894,Sevilla
1946-01-16,0.14602605,Sevilla
1946-02-15,-0.7588046,Sevilla
1946-03-16,0.98165816,Sevilla
1946-04-16,1.3612827,Sevilla
1946-05-16,1.6005259,Sevilla
1946-06-16,-0.149155,Sevilla
1946-07-16,-1.693915,Sevilla
1946-08-16,0.14122944,Sevilla
1946-09-16,-0.88124484,Sevilla
1946-10-16,-0.30288804,Sevilla
1946-11-16,0.5123193,Sevilla
1946-12-16,-0.94370425,Sevilla
1947-01-16,1.115224,Sevilla
1947-02-15,2.1448958,Sevilla
1947-03-16,1.3097997,Sevilla
1947-04-16,-1.6674154,Sevilla
1947-05-16,-0.14046241,Sevilla
1947-06-16,-0.94289833,Sevilla
1947-07-16,0.07233127,Sevilla
1947-08-16,-0.12273801,Sevilla
1947-09-16,0.08601869,Sevilla
1947-10-16,0.04383527,Sevilla
1947-11-16,-0.76191306,Sevilla
1947-12-16,0.0068220063,Sevilla
1948-01-16,1.5744323,Sevilla
1948-02-15,0.47444636,Sevilla
1948-03-16,-1.4228946,Sevilla
1948-04-16,0.47331452,Sevilla
1948-05-16,1.5420153,Sevilla
1948-06-16,-1.4364221,Sevilla
1948-07-16,-1.0768347,Sevilla
1948-08-16,-1.0527859,Sevilla
1948-09-16,-1.5928619,Sevilla
1948-10-16,-0.54712546,Sevilla
1948-11-16,-1.9351581,Sevilla
1948-12-16,0.5536672,Sevilla
1949-01-16,-0.5654816,Sevilla
1949-02-15,-1.2168384,Sevilla
1949-03-16,-0.3429649,Sevilla
1949-04-16,-0.2777199,Sevilla
1949-05-16,-0.6380236,Sevilla
1949-06-16,-0.59359884,Sevilla
1949-07-16,-0.30060145,Sevilla
1949-08-16,-0.9381627,Sevilla
1949-09-16,1.9443917,Sevilla
1949-10-16,-1.6528773,Sevilla
1949-11-16,-0.17398372,Sevilla
1949-12-16,0.3183327,Sevilla
1950-01-16,0.06734004,Sevilla
1950-02-15,-0.71364623,Sevilla
1950-03-16,-0.4780036,Sevilla
1950-04-16,-1.3130085,Sevilla
1950-05-16,0.9598696,Sevilla
1950-06-16,-0.63998413,Sevilla
1950-07-16,-0.7559189,Sevilla
1950-08-16,0.019849394,Sevilla
1950-09-16,0.49852026,Sevilla
1950-10-16,-0.5800035,Sevilla
1950-11-16,-1.2745482,Sevilla
1950-12-16,0.4606149,Sevilla
1951-01-16,0.48101893,Sevilla
1951-02-15,0.9448273,Sevilla
1951-03-16,0.78201526,Sevilla
1951-04-16,-0.70499855,Sevilla
1951-05-16,0.18273953,Sevilla
1951-06-16,-0.7593728,Sevilla
1951-07-16,0.099397026,Sevilla
1951-08-16,-0.25767624,Sevilla
1951-09-16,0.7093665,Sevilla
1951-10-16,-0.5213846,Sevilla
1951-11-16,1.664513,Sevilla
1951-12-16,-0.812084,Sevilla
1952-01-16,0.07234076,Sevilla
1952-02-15,-0.98933274,Sevilla
1952-03-16,0.97217184,Sevilla
1952-04-16,0.18546109,Sevilla
1952-05-16,1.8337332,Sevilla
1952-06-16,0.29324046,Sevilla
1952-07-16,-0.13965969,Sevilla
1952-08-16,1.8411851,Sevilla
1952-09-16,-0.31985313,Sevilla
1952-10-16,-0.032289777,Sevilla
1952-11-16,-0.53098315,Sevilla
1952-12-16,0.00484346,Sevilla
1953-01-16,0.07234081,Sevilla
1953-02-15,-0.31150633,Sevilla
1953-03-16,-0.20030561,Sevilla
1953-04-16,0.857212,Sevilla
1953-05-16,-1.6924502,Sevilla
1953-06-16,-0.01158935,Sevilla
1953-07-16,-0.5125405,Sevilla
1953-08-16,-1.4071344,Sevilla
1953-09-16,-0.88124496,Sevilla
1953-10-16,-0.04297915,Sevilla
1953-11-16,-1.3060724,Sevilla
1953-12-16,0.7693723,Sevilla
1954-01-16,-0.6516808,Sevilla
1954-02-15,-0.49066168,Sevilla
1954-03-16,0.85347027,Sevilla
1954-04-16,-0.32448578,Sevilla
1954-05-16,-1.2044938,Sevilla
1954-06-16,-0.41539732,Sevilla
1954-07-16,-0.7461668,Sevilla
1954-08-16,-0.036894895,Sevilla
1954-09-16,-1.4724607,Sevilla
1954-10-16,-1.6404182,Sevilla
1954-11-16,-0.5077081,Sevilla
1954-12-16,-0.58084786,Sevilla
1955-01-16,1.3820392,Sevilla
1955-02-15,1.3890705,Sevilla
1955-03-16,0.8158363,Sevilla
1955-04-16,-1.6322534,Sevilla
1955-05-16,-0.5782456,Sevilla
1955-06-16,-0.69175166,Sevilla
1955-07-16,-0.07435956,Sevilla
1955-08-16,-0.5597484,Sevilla
1955-09-16,-1.1210676,Sevilla
1955-10-16,1.2002714,Sevilla
1955-11-16,0.04177046,Sevilla
1955-12-16,0.30442467,Sevilla
1956-01-16,0.31299368,Sevilla
1956-02-15,0.056087967,Sevilla
1956-03-16,1.3211746,Sevilla
1956-04-16,1.3651358,Sevilla
1956-05-16,-1.1270916,Sevilla
1956-06-16,-0.8063785,Sevilla
1956-07-16,0.78763646,Sevilla
1956-08-16,1.4860737,Sevilla
1956-09-16,0.76179975,Sevilla
1956-10-16,-1.0630887,Sevilla
1956-11-16,-0.4821778,Sevilla
1956-12-16,-0.87998605,Sevilla
1957-01-16,-0.47222427,Sevilla
1957-02-15,-0.6422739,Sevilla
1957-03-16,-0.80566645,Sevilla
1957-04-16,1.057551,Sevilla
1957-05-16,1.0585371,Sevilla
1957-06-16,0.58624446,Sevilla
1957-07-16,-1.0284146,Sevilla
1957-08-16,-1.0812571,Sevilla
1957-09-16,0.1275252,Sevilla
1957-10-16,0.093746215,Sevilla
1957-11-16,0.14555617,Sevilla
1957-12-16,0.01077471,Sevilla
1958-01-16,-0.14742245,Sevilla
1958-02-15,-1.3148007,Sevilla
1958-03-16,0.39855692,Sevilla
1958-04-16,-0.6703408,Sevilla
1958-05-16,-1.0555547,Sevilla
1958-06-16,0.26741293,Sevilla
1958-07-16,0.33590722,Sevilla
1958-08-16,1.0884647,Sevilla
1958-09-16,-1.0748237,Sevilla
1958-10-16,-0.84463614,Sevilla
1958-11-16,-1.2091283,Sevilla
1958-12-16,2.1005235,Sevilla
1959-01-16,0.24278046,Sevilla
1959-02-15,-0.35966522,Sevilla
1959-03-16,0.18955626,Sevilla
1959-04-16,-0.74278283,Sevilla
1959-05-16,1.7339045,Sevilla
1959-06-16,-0.629659,Sevilla
1959-07-16,-0.1022683,Sevilla
1959-08-16,0.34971955,Sevilla
1959-09-16,0.44065866,Sevilla
1959-10-16,0.22343336,Sevilla
1959-11-16,-0.18724911,Sevilla
1959-12-16,-0.027016083,Sevilla
1960-01-16,0.8476527,Sevilla
1960-02-15,2.0312207,Sevilla
1960-03-16,1.3977561,Sevilla
1960-04-16,-0.5757771,Sevilla
1960-05-16,0.23706603,Sevilla
1960-06-16,0.7064307,Sevilla
1960-07-16,0.2758773,Sevilla
1960-08-16,-0.046391856,Sevilla
1960-09-16,-0.742548,Sevilla
1960-10-16,1.9420879,Sevilla
1960-11-16,-0.028268488,Sevilla
1960-12-16,0.10956096,Sevilla
1961-01-16,-0.4356633,Sevilla
1961-02-15,-1.7775856,Sevilla
1961-03-16,-0.8288436,Sevilla
1961-04-16,-0.34010816,Sevilla
1961-05-16,0.90551585,Sevilla
1961-06-16,0.16198966,Sevilla
1961-07-16,0.66000587,Sevilla
1961-08-16,-1.4071344,Sevilla
1961-09-16,0.8368967,Sevilla
1961-10-16,-0.4933998,Sevilla
1961-11-16,2.222269,Sevilla
1961-12-16,1.1545082,Sevilla
1962-01-16,0.5797402,Sevilla
1962-02-15,-0.5923339,Sevilla
1962-03-16,1.6722548,Sevilla
1962-04-16,0.52194726,Sevilla
1962-05-16,-0.5845348,Sevilla
1962-06-16,0.5669114,Sevilla
1962-07-16,0.026901385,Sevilla
1962-08-16,-1.6588367,Sevilla
1962-09-16,-0.15890501,Sevilla
1962-10-16,1.358961,Sevilla
1962-11-16,0.024901252,Sevilla
1962-12-16,1.5101352,Sevilla
1963-01-16,1.8900895,Sevilla
1963-02-15,1.5280322,Sevilla
1963-03-16,-0.3287704,Sevilla
1963-04-16,1.0619693,Sevilla
1963-05-16,0.23990658,Sevilla
1963-06-16,1.1937532,Sevilla
1963-07-16,-0.092952,Sevilla
1963-08-16,-0.06541796,Sevilla
1963-09-16,0.6780009,Sevilla
1963-10-16,-1.5310168,Sevilla
1963-11-16,1.3888539,Sevilla
1963-12-16,1.9226589,Sevilla
1964-01-16,-0.85095245,Sevilla
1964-02-15,1.5196879,Sevilla
1964-03-16,0.74468356,Sevilla
1964-04-16,-0.8056732,Sevilla
1964-05-16,-1.198316,Sevilla
1964-06-16,0.31885278,Sevilla
1964-07-16,0.43658027,Sevilla
1964-08-16,-0.5890411,Sevilla
1964-09-16,-0.7048078,Sevilla
1964-10-16,-1.4690351,Sevilla
1964-11-16,-0.44979894,Sevilla
1964-12-16,0.20268609,Sevilla
1965-01-16,0.2861095,Sevilla
1965-02-15,0.1755174,Sevilla
1965-03-16,0.063339904,Sevilla
1965-04-16,-1.561545,Sevilla
1965-05-16,-1.9863353,Sevilla
1965-06-16,-0.790694,Sevilla
1965-07-16,1.0049778,Sevilla
1965-08-16,-0.7837538,Sevilla
1965-09-16,1.9701825,Sevilla
1965-10-16,1.4026392,Sevilla
1965-11-16,0.5086942,Sevilla
1965-12-16,-0.459489,Sevilla
1966-01-16,0.6326051,Sevilla
1966-02-15,1.2890435,Sevilla
1966-03-16,-1.7533793,Sevilla
1966-04-16,0.34599704,Sevilla
1966-05-16,-1.2476633,Sevilla
1966-06-16,0.31885326,Sevilla
1966-07-16,0.50207895,Sevilla
1966-08-16,-0.21897613,Sevilla
1966-09-16,0.49852026,Sevilla
1966-10-16,0.65342957,Sevilla
1966-11-16,-0.54497725,Sevilla
1966-12-16,-1.5460235,Sevilla
1967-01-16,-0.16664873,Sevilla
1967-02-15,0.7191758,Sevilla
1967-03-16,-0.91326123,Sevilla
1967-04-16,-0.81195515,Sevilla
1967-05-16,0.3436561,Sevilla
1967-06-16,0.89236677,Sevilla
1967-07-16,-0.28151467,Sevilla
1967-08-16,-0.33534876,Sevilla
1967-09-16,-0.73415726,Sevilla
1967-10-16,0.43244985,Sevilla
1967-11-16,1.0650927,Sevilla
1967-12-16,-1.1932337,Sevilla
1968-01-16,-1.817488,Sevilla
1968-02-15,1.892854,Sevilla
1968-03-16,0.34841567,Sevilla
1968-04-16,0.27790862,Sevilla
1968-05-16,-0.4871889,Sevilla
1968-06-16,-0.020940738,Sevilla
1968-07-16,-0.22448526,Sevilla
1968-08-16,1.4505541,Sevilla
1968-09-16,-0.60863143,Sevilla
1968-10-16,-0.8880984,Sevilla
1968-11-16,0.7487434,Sevilla
1968-12-16,0.30616823,Sevilla
1969-01-16,1.5872272,Sevilla
1969-02-15,1.8558728,Sevilla
1969-03-16,1.4969974,Sevilla
1969-04-16,0.14445053,Sevilla
1969-05-16,0.615077,Sevilla
1969-06-16,0.9617096,Sevilla
1969-07-16,-0.9410268,Sevilla
1969-08-16,-0.027408432,Sevilla
1969-09-16,1.622159,Sevilla
1969-10-16,0.9772181,Sevilla
1969-11-16,0.94768333,Sevilla
1969-12-16,-0.31317112,Sevilla
1970-01-16,2.40153,Sevilla
1970-02-15,-1.05415,Sevilla
1970-03-16,-0.3389065,Sevilla
1970-04-16,-1.0956647,Sevilla
1970-05-16,-0.44647956,Sevilla
1970-06-16,2.096082,Sevilla
1970-07-16,-1.0768347,Sevilla
1970-08-16,0.26917934,Sevilla
1970-09-16,-1.8076046,Sevilla
1970-10-16,-1.1732169,Sevilla
1970-11-16,-0.8884801,Sevilla
1970-12-16,0.72944385,Sevilla
1971-01-16,0.95368785,Sevilla
1971-02-15,-1.5031502,Sevilla
1971-03-16,0.3133651,Sevilla
1971-04-16,2.3995066,Sevilla
1971-05-16,2.1596384,Sevilla
1971-06-16,1.1085613,Sevilla
1971-07-16,0.8882173,Sevilla
1971-08-16,2.0425234,Sevilla
1971-09-16,-0.9822573,Sevilla
1971-10-16,-1.7853343,Sevilla
1971-11-16,-1.1365379,Sevilla
1971-12-16,-0.23261489,Sevilla
1972-01-16,1.2568516,Sevilla
1972-02-15,0.9514433,Sevilla
1972-03-16,1.0085248,Sevilla
1972-04-16,-1.0368419,Sevilla
1972-05-16,0.06627783,Sevilla
1972-06-16,0.49206668,Sevilla
1972-07-16,0.88116693,Sevilla
1972-08-16,0.6238222,Sevilla
1972-09-16,1.1324745,Sevilla
1972-10-16,1.6097656,Sevilla
1972-11-16,-0.49145257,Sevilla
1972-12-16,0.26215553,Sevilla
1973-01-16,0.09717798,Sevilla
1973-02-15,-0.8335107,Sevilla
1973-03-16,-0.4286609,Sevilla
1973-04-16,-1.7460703,Sevilla
1973-05-16,1.1898118,Sevilla
1973-06-16,0.5785293,Sevilla
1973-07-16,0.9162142,Sevilla
1973-08-16,0.42880577,Sevilla
1973-09-16,-1.2427782,Sevilla
1973-10-16,-0.50737953,Sevilla
1973-11-16,-1.015851,Sevilla
1973-12-16,0.58721536,Sevilla
1974-01-16,-0.76662415,Sevilla
1974-02-15,-0.06479391,Sevilla
1974-03-16,-0.018492488,Sevilla
1974-04-16,1.8347625,Sevilla
1974-05-16,-1.0493203,Sevilla
1974-06-16,1.6731974,Sevilla
1974-07-16,-1.3457235,Sevilla
1974-08-16,-0.8224997,Sevilla
1974-09-16,-0.91491205,Sevilla
1974-10-16,-0.7916981,Sevilla
1974-11-16,-1.2527331,Sevilla
1974-12-16,-1.5145191,Sevilla
1975-01-16,-0.001265318,Sevilla
1975-02-15,0.6517758,Sevilla
1975-03-16,1.067712,Sevilla
1975-04-16,0.10903975,Sevilla
1975-05-16,0.9976365,Sevilla
1975-06-16,0.5277919,Sevilla
1975-07-16,-1.0768347,Sevilla
1975-08-16,-0.2867646,Sevilla
1975-09-16,-0.55033314,Sevilla
1975-10-16,-1.5310168,Sevilla
1975-11-16,-1.497949,Sevilla
1975-12-16,0.4589982,Sevilla
1976-01-16,-0.65168077,Sevilla
1976-02-15,0.41667068,Sevilla
1976-03-16,-0.12526576,Sevilla
1976-04-16,1.6964389,Sevilla
1976-05-16,0.15388308,Sevilla
1976-06-16,-0.780246,Sevilla
1976-07-16,1.3106624,Sevilla
1976-08-16,1.6169455,Sevilla
1976-09-16,1.5741109,Sevilla
1976-10-16,0.9274425,Sevilla
1976-11-16,-0.81910974,Sevilla
1976-12-16,1.6585169,Sevilla
1977-01-16,1.3546835,Sevilla
1977-02-15,0.70993334,Sevilla
1977-03-16,-1.3426629,Sevilla
1977-04-16,-1.9158362,Sevilla
1977-05-16,-0.6695064,Sevilla
1977-06-16,1.1175598,Sevilla
1977-07-16,1.9366413,Sevilla
1977-08-16,1.3214443,Sevilla
1977-09-16,-1.309766,Sevilla
1977-10-16,0.46185,Sevilla
1977-11-16,0.582004,Sevilla
1977-12-16,0.8110179,Sevilla
1978-01-16,-0.7301085,Sevilla
1978-02-15,0.9906776,Sevilla
1978-03-16,-0.6065309,Sevilla
1978-04-16,1.0084031,Sevilla
1978-05-16,0.86859846,Sevilla
1978-06-16,1.7831497,Sevilla
1978-07-16,-0.8046758,Sevilla
1978-08-16,-0.5109137,Sevilla
1978-09-16,-1.79525,Sevilla
1978-10-16,-0.95109254,Sevilla
1978-11-16,-0.9388659,Sevilla
1978-12-16,0.8580783,Sevilla
1979-01-16,1.6317854,Sevilla
1979-02-15,1.6226437,Sevilla
1979-03-16,0.30983913,Sevilla
1979-04-16,-0.64197433,Sevilla
1979-05-16,-0.8928693,Sevilla
1979-06-16,0.72829014,Sevilla
1979-07-16,1.4069229,Sevilla
1979-08-16,-0.88044715,Sevilla
1979-09-16,-0.31985298,Sevilla
1979-10-16,1.7584432,Sevilla
1979-11-16,-1.551473,Sevilla
1979-12-16,-1.3211061,Sevilla
1980-01-16,-0.3081304,Sevilla
1980-02-15,-0.1767869,Sevilla
1980-03-16,0.12880836,Sevilla
1980-04-16,-0.9028597,Sevilla
1980-05-16,1.2555221,Sevilla
1980-06-16,-0.06800527,Sevilla
1980-07-16,-0.531947,Sevilla
1980-08-16,-0.16113664,Sevilla
1980-09-16,0.13127853,Sevilla
1980-10-16,-0.19768277,Sevilla
1980-11-16,0.63775617,Sevilla
1980-12-16,-1.6358814,Sevilla
1981-01-16,-1.9967796,Sevilla
1981-02-15,-1.2141205,Sevilla
1981-03-16,-0.6023639,Sevilla
1981-04-16,1.1229659,Sevilla
1981-05-16,-0.21995772,Sevilla
1981-06-16,-0.3054967,Sevilla
1981-07-16,0.09939727,Sevilla
1981-08-16,1.0031079,Sevilla
1981-09-16,-0.11137747,Sevilla
1981-10-16,-1.4814217,Sevilla
1981-11-16,-2.1999865,Sevilla
1981-12-16,1.2641753,Sevilla
1982-01-16,0.887545,Sevilla
1982-02-15,-0.31908542,Sevilla
1982-03-16,-0.6629016,Sevilla
1982-04-16,-0.42785075,Sevilla
1982-05-16,-0.87089026,Sevilla
1982-06-16,-0.4811453,Sevilla
1982-07-16,2.0866873,Sevilla
1982-08-16,1.2572254,Sevilla
1982-09-16,-0.36062485,Sevilla
1982-10-16,-1.1119716,Sevilla
1982-11-16,1.3255347,Sevilla
1982-12-16,-0.6141605,Sevilla
1983-01-16,-2.18243,Sevilla
1983-02-15,-0.56876737,Sevilla
1983-03-16,-1.2602279,Sevilla
1983-04-16,0.410192,Sevilla
1983-05-16,-0.20767942,Sevilla
1983-06-16,-0.6038892,Sevilla
1983-07-16,0.48582768,Sevilla
1983-08-16,1.6114231,Sevilla
1983-09-16,-1.6632178,Sevilla
1983-10-16,-1.3725846,Sevilla
1983-11-16,2.3658614,Sevilla
1983-12-16,0.5872154,Sevilla
1984-01-16,-0.9232344,Sevilla
1984-02-15,-0.076835304,Sevilla
1984-03-16,0.6100694,Sevilla
1984-04-16,-0.21253921,Sevilla
1984-05-16,1.7200665,Sevilla
1984-06-16,0.8957229,Sevilla
1984-07-16,-1.0768347,Sevilla
1984-08-16,-0.055899616,Sevilla
1984-09-16,-1.2679135,Sevilla
1984-10-16,-1.0630887,Sevilla
1984-11-16,1.5968088,Sevilla
1984-12-16,-1.343175,Sevilla
1985-01-16,1.1559956,Sevilla
1985-02-15,0.50286883,Sevilla
1985-03-16,-1.2306169,Sevilla
1985-04-16,0.37403738,Sevilla
1985-05-16,0.33257005,Sevilla
1985-06-16,0.6954214,Sevilla
1985-07-16,0.07233078,Sevilla
1985-08-16,-1.4435902,Sevilla
1985-09-16,-1.6342669,Sevilla
1985-10-16,-1.6503851,Sevilla
1985-11-16,0.09194632,Sevilla
1985-12-16,0.40322927,Sevilla
1986-01-16,-0.31394175,Sevilla
1986-02-15,0.59796834,Sevilla
1986-03-16,-0.037735388,Sevilla
1986-04-16,0.72465277,Sevilla
1986-05-16,-0.81745756,Sevilla
1986-06-16,-0.2365507,Sevilla
1986-07-16,-0.74616575,Sevilla
1986-08-16,-0.29647195,Sevilla
1986-09-16,0.20562242,Sevilla
1986-10-16,0.40831998,Sevilla
1986-11-16,-0.5100328,Sevilla
1986-12-16,-0.7328465,Sevilla
1987-01-16,1.3842013,Sevilla
1987-02-15,0.66503745,Sevilla
1987-03-16,-1.4081224,Sevilla
1987-04-16,-0.37453005,Sevilla
1987-05-16,-1.2599736,Sevilla
1987-06-16,-0.6865648,Sevilla
1987-07-16,1.9854658,Sevilla
1987-08-16,2.200331,Sevilla
1987-09-16,-0.8139499,Sevilla
1987-10-16,0.9858703,Sevilla
1987-11-16,-0.009049256,Sevilla
1987-12-16,1.4412028,Sevilla
1988-01-16,0.8460342,Sevilla
1988-02-15,-0.5949561,Sevilla
1988-03-16,-1.454538,Sevilla
1988-04-16,-0.42157084,Sevilla
1988-05-16,1.0883887,Sevilla
1988-06-16,1.6005766,Sevilla
1988-07-16,0.46129572,Sevilla
1988-08-16,-1.1473795,Sevilla
1988-09-16,-1.5431001,Sevilla
1988-10-16,0.71670216,Sevilla
1988-11-16,0.5820039,Sevilla
1988-12-16,-1.7693632,Sevilla
1989-01-16,-0.67437965,Sevilla
1989-02-15,-0.036030307,Sevilla
1989-03-16,-1.126927,Sevilla
1989-04-16,0.93509984,Sevilla
1989-05-16,-0.63172877,Sevilla
1989-06-16,-0.5423106,Sevilla
1989-07-16,-1.3457235,Sevilla
1989-08-16,0.20559017,Sevilla
1989-09-16,0.9661807,Sevilla
1989-10-16,0.18947749,Sevilla
1989-11-16,2.0661945,Sevilla
1989-12-16,1.6938258,Sevilla
1990-01-16,0.33511618,Sevilla
1990-02-15,-1.6483502,Sevilla
1990-03-16,-0.8942513,Sevilla
1990-04-16,1.5154308,Sevilla
1990-05-16,-1.2476635,Sevilla
1990-06-16,-0.6503192,Sevilla
1990-07-16,-1.0381064,Sevilla
1990-08-16,-1.0432782,Sevilla
1990-09-16,-0.36880198,Sevilla
1990-10-16,0.65342945,Sevilla
1990-11-16,-0.6293693,Sevilla
1990-12-16,-0.92833805,Sevilla
1991-01-16,-1.0754356,Sevilla
1991-02-15,1.0745891,Sevilla
1991-03-16,1.0520976,Sevilla
1991-04-16,-0.64512646,Sevilla
1991-05-16,-1.5098101,Sevilla
1991-06-16,-0.8640162,Sevilla
1991-07-16,-0.60972196,Sevilla
1991-08-16,-1.3705121,Sevilla
1991-09-16,0.9800897,Sevilla
1991-10-16,1.0172623,Sevilla
1991-11-16,-0.71916,Sevilla
1991-12-16,-0.70836306,Sevilla
1992-01-16,-1.4805224,Sevilla
1992-02-15,-0.36221004,Sevilla
1992-03-16,-1.0761278,Sevilla
1992-04-16,-0.5568678,Sevilla
1992-05-16,-0.8488973,Sevilla
1992-06-16,2.1153755,Sevilla
1992-07-16,-0.3101575,Sevilla
1992-08-16,-0.87080437,Sevilla
1992-09-16,-0.31172195,Sevilla
1992-10-16,0.9568769,Sevilla
1992-11-16,-1.6367165,Sevilla
1992-12-16,-0.78717715,Sevilla
1993-01-16,-1.0288184,Sevilla
1993-02-15,-1.0190195,Sevilla
1993-03-16,-0.2803101,Sevilla
1993-04-16,0.51926345,Sevilla
1993-05-16,1.1898118,Sevilla
1993-06-16,-0.13953549,Sevilla
1993-07-16,-0.8046758,Sevilla
1993-08-16,0.63206065,Sevilla
1993-09-16,-0.14302047,Sevilla
1993-10-16,1.2432235,Sevilla
1993-11-16,-0.14755593,Sevilla
1993-12-16,-1.6417351,Sevilla
1994-01-16,-0.01160377,Sevilla
1994-02-15,0.53497195,Sevilla
1994-03-16,-1.8332001,Sevilla
1994-04-16,-0.69869864,Sevilla
1994-05-16,0.3464228,Sevilla
1994-06-16,-1.3564857,Sevilla
1994-07-16,-0.4931519,Sevilla
1994-08-16,-0.4816139,Sevilla
1994-09-16,-0.50883114,Sevilla
1994-10-16,-0.37109488,Sevilla
1994-11-16,-0.45672616,Sevilla
1994-12-16,-1.3073586,Sevilla
1995-01-16,-0.92323434,Sevilla
1995-02-15,-0.7401905,Sevilla
1995-03-16,-1.3320992,Sevilla
1995-04-16,-1.6498502,Sevilla
1995-05-16,-1.2661245,Sevilla
1995-06-16,0.52779204,Sevilla
1995-07-16,0.22368659,Sevilla
1995-08-16,-0.5304484,Sevilla
1995-09-16,-0.32392165,Sevilla
1995-10-16,-1.6503851,Sevilla
1995-11-16,0.46110645,Sevilla
1995-12-16,1.800892,Sevilla
1996-01-16,2.227927,Sevilla
1996-02-15,-0.101016395,Sevilla
1996-03-16,-0.022334803,Sevilla
1996-04-16,-0.08649748,Sevilla
1996-05-16,1.5605996,Sevilla
1996-06-16,-0.93236405,Sevilla
1996-07-16,0.21492332,Sevilla
1996-08-16,1.0103326,Sevilla
1996-09-16,1.2765151,Sevilla
1996-10-16,-0.5541598,Sevilla
1996-11-16,0.2084332,Sevilla
1996-12-16,2.2330368,Sevilla
1997-01-16,1.8564411,Sevilla
1997-02-15,-1.5907582,Sevilla
1997-03-16,-2.091756,Sevilla
1997-04-16,-1.086394,Sevilla
1997-05-16,0.8732433,Sevilla
1997-06-16,0.9907074,Sevilla
1997-07-16,1.4933631,Sevilla
1997-08-16,1.5439832,Sevilla
1997-09-16,0.81909,Sevilla
1997-10-16,-0.32553628,Sevilla
1997-11-16,1.6635236,Sevilla
1997-12-16,1.3400729,Sevilla
1998-01-16,0.052270968,Sevilla
1998-02-15,0.6173255,Sevilla
1998-03-16,-1.3870134,Sevilla
1998-04-16,-0.55686796,Sevilla
1998-05-16,1.3192296,Sevilla
1998-06-16,-0.13473327,Sevilla
1998-07-16,-0.531947,Sevilla
1998-08-16,-0.47184876,Sevilla
1998-09-16,1.1783221,Sevilla
1998-10-16,-1.5483941,Sevilla
1998-11-16,-1.5466056,Sevilla
1998-12-16,-0.66704816,Sevilla
1999-01-16,-0.45999017,Sevilla
1999-02-15,-1.0055208,Sevilla
1999-03-16,-0.49450603,Sevilla
1999-04-16,-1.2948039,Sevilla
1999-05-16,-0.6726547,Sevilla
1999-06-16,-1.170377,Sevilla
1999-07-16,-0.3292964,Sevilla
1999-08-16,-0.3548128,Sevilla
1999-09-16,0.79814285,Sevilla
1999-10-16,1.8297249,Sevilla
1999-11-16,-1.1873393,Sevilla
1999-12-16,-0.6165502,Sevilla
2000-01-16,-0.8475435,Sevilla
2000-02-15,-1.8161883,Sevilla
2000-03-16,-1.2919436,Sevilla
2000-04-16,1.85586,Sevilla
2000-05-16,0.8592833,Sevilla
2000-06-16,-1.4524208,Sevilla
2000-07-16,-0.18667212,Sevilla
2000-08-16,-1.4071344,Sevilla
2000-09-16,-0.9485846,Sevilla
2000-10-16,-0.3551103,Sevilla
2000-11-16,0.19635323,Sevilla
2000-12-16,1.3986936,Sevilla
2001-01-16,1.2117621,Sevilla
2001-02-15,-0.72691125,Sevilla
2001-03-16,0.9667317,Sevilla
2001-04-16,-1.8413686,Sevilla
2001-05-16,0.29071328,Sevilla
2001-06-16,-1.8324149,Sevilla
2001-07-16,0.41168186,Sevilla
2001-08-16,-0.40353477,Sevilla
2001-09-16,1.1013162,Sevilla
2001-10-16,0.5196636,Sevilla
2001-11-16,-0.4984154,Sevilla
2001-12-16,0.06355372,Sevilla
2002-01-16,-0.2763776,Sevilla
2002-02-15,-1.3366,Sevilla
2002-03-16,0.74016356,Sevilla
2002-04-16,0.55929816,Sevilla
2002-05-16,-0.45273703,Sevilla
2002-06-16,-0.33031335,Sevilla
2002-07-16,-0.0005409422,Sevilla
2002-08-16,0.52338177,Sevilla
2002-09-16,1.170754,Sevilla
2002-10-16,-0.08601373,Sevilla
2002-11-16,0.9978287,Sevilla
2002-12-16,0.7084142,Sevilla
2003-01-16,0.17719245,Sevilla
2003-02-15,0.6288649,Sevilla
2003-03-16,-0.07839559,Sevilla
2003-04-16,0.26932067,Sevilla
2003-05-16,-1.5278966,Sevilla
2003-06-16,-1.4470875,Sevilla
2003-07-16,-1.0768347,Sevilla
2003-08-16,-1.4344918,Sevilla
2003-09-16,-0.3974782,Sevilla
2003-10-16,1.8985132,Sevilla
2003-11-16,0.048078112,Sevilla
2003-12-16,0.66556555,Sevilla
2004-01-16,-1.0502683,Sevilla
2004-02-15,0.9563907,Sevilla
2004-03-16,0.19685331,Sevilla
2004-04-16,-0.20016721,Sevilla
2004-05-16,1.3362666,Sevilla
2004-06-16,-1.3991065,Sevilla
2004-07-16,-0.71690995,Sevilla
2004-08-16,-0.09403389,Sevilla
2004-09-16,-1.3306725,Sevilla
2004-10-16,0.290256,Sevilla
2004-11-16,-1.0447763,Sevilla
2004-12-16,-0.37994915,Sevilla
2005-01-16,-1.9103658,Sevilla
2005-02-15,0.32768393,Sevilla
2005-03-16,-0.71946746,Sevilla
2005-04-16,-1.4962735,Sevilla
2005-05-16,-0.9179688,Sevilla
2005-06-16,-1.5324718,Sevilla
2005-07-16,-0.531947,Sevilla
2005-08-16,-1.0812571,Sevilla
2005-09-16,-1.0285504,Sevilla
2005-10-16,0.63818073,Sevilla
2005-11-16,-1.0062158,Sevilla
2005-12-16,-0.59033835,Sevilla
2006-01-16,0.6838126,Sevilla
2006-02-15,-0.12288979,Sevilla
2006-03-16,0.30100757,Sevilla
2006-04-16,-0.6136036,Sevilla
2006-05-16,-0.92737556,Sevilla
2006-06-16,0.1886594,Sevilla
2006-07-16,-0.52224135,Sevilla
2006-08-16,0.8466645,Sevilla
2006-09-16,-0.12717769,Sevilla
2006-10-16,0.7541363,Sevilla
2006-11-16,0.7454583,Sevilla
2006-12-16,-0.82458663,Sevilla
2007-01-16,-0.6419969,Sevilla
2007-02-15,0.035018686,Sevilla
2007-03-16,-1.154442,Sevilla
2007-04-16,0.76211447,Sevilla
2007-05-16,0.7472297,Sevilla
2007-06-16,-0.300545,Sevilla
2007-07-16,-1.2310027,Sevilla
2007-08-16,0.90733576,Sevilla
2007-09-16,0.78608966,Sevilla
2007-10-16,-0.6865019,Sevilla
2007-11-16,-0.49145266,Sevilla
2007-12-16,-0.77229625,Sevilla
2008-01-16,-0.1860174,Sevilla
2008-02-15,-0.103441566,Sevilla
2008-03-16,-1.0867108,Sevilla
2008-04-16,1.5543945,Sevilla
2008-05-16,0.79549986,Sevilla
2008-06-16,-1.3991066,Sevilla
2008-07-16,-0.25295514,Sevilla
2008-08-16,-1.1473795,Sevilla
2008-09-16,0.8981582,Sevilla
2008-10-16,0.8794126,Sevilla
2008-11-16,-0.32395205,Sevilla
2008-12-16,-0.20692012,Sevilla
2009-01-16,0.20555739,Sevilla
2009-02-15,0.5528525,Sevilla
2009-03-16,-0.56491965,Sevilla
2009-04-16,-0.6640378,Sevilla
2009-05-16,-1.3763604,Sevilla
2009-06-16,-0.7959201,Sevilla
2009-07-16,-1.6099977,Sevilla
2009-08-16,-1.4435902,Sevilla
2009-09-16,0.53868747,Sevilla
2009-10-16,-0.7868962,Sevilla
2009-11-16,-1.3643104,Sevilla
2009-12-16,2.109266,Sevilla
2010-01-16,1.6115054,Sevilla
2010-02-15,2.1519508,Sevilla
2010-03-16,0.50301415,Sevilla
2010-04-16,0.15032944,Sevilla
2010-05-16,-0.4871889,Sevilla
2010-06-16,0.7064307,Sevilla
2010-07-16,-1.1154933,Sevilla
2010-08-16,0.6484747,Sevilla
2010-09-16,-0.3933759,Sevilla
2010-10-16,0.26879674,Sevilla
2010-11-16,0.6446353,Sevilla
2010-12-16,1.8651896,Sevilla
2011-01-16,-0.18046896,Sevilla
2011-02-15,-0.1253266,Sevilla
2011-03-16,0.52772045,Sevilla
2011-04-16,0.38798332,Sevilla
2011-05-16,0.086853795,Sevilla
2011-06-16,-0.89553255,Sevilla
2011-07-16,-0.531947,Sevilla
2011-08-16,-0.47184846,Sevilla
2011-09-16,-1.2385873,Sevilla
2011-10-16,-0.76051843,Sevilla
2011-11-16,0.30544385,Sevilla
2011-12-16,-1.5777239,Sevilla
2012-01-16,-1.0790435,Sevilla
2012-02-15,-1.4047885,Sevilla
2012-03-16,-1.6167309,Sevilla
2012-04-16,0.15913516,Sevilla
2012-05-16,-0.78599733,Sevilla
2012-06-16,-1.6982578,Sevilla
2012-07-16,-1.2021954,Sevilla
2012-08-16,-1.9026612,Sevilla
2012-09-16,0.98839206,Sevilla
2012-10-16,0.90507305,Sevilla
2012-11-16,1.6684641,Sevilla
2012-12-16,-1.0788317,Sevilla
2013-01-16,0.1532589,Sevilla
2013-02-15,0.40412876,Sevilla
2013-03-16,1.8381076,Sevilla
2013-04-16,-0.24663553,Sevilla
2013-05-16,-0.5436743,Sevilla
2013-06-16,-0.9113093,Sevilla
2013-07-16,-0.95074934,Sevilla
2013-08-16,-0.3937845,Sevilla
2013-09-16,0.353548,Sevilla
2013-10-16,-0.83017784,Sevilla
2013-11-16,-1.5758164,Sevilla
2013-12-16,0.048028424,Sevilla
2014-01-16,0.59881467,Sevilla
2014-02-15,0.5169636,Sevilla
2014-03-16,-0.76147515,Sevilla
2014-04-16,-0.46870705,Sevilla
2014-05-16,-1.2999051,Sevilla
2014-06-16,-0.4254752,Sevilla
2014-07-16,-0.23396519,Sevilla
2014-08-16,-1.1473795,Sevilla
2014-09-16,0.5946286,Sevilla
2014-10-16,-0.107694425,Sevilla
2014-11-16,1.0424572,Sevilla
2014-12-16,-1.2120887,Sevilla
2015-01-16,-0.28500232,Sevilla
2015-02-15,-0.6185872,Sevilla
2015-03-16,-0.6315585,Sevilla
2015-04-16,-0.30887955,Sevilla
2015-05-16,-1.8313713,Sevilla
2015-06-16,-1.2979276,Sevilla
2015-07-16,-1.7032093,Sevilla
2015-08-16,-0.2867646,Sevilla
2015-09-16,-0.21882853,Sevilla
2015-10-16,0.5935576,Sevilla
2015-11-16,-0.7904854,Sevilla
2015-12-16,-1.4832063,Sevilla
2016-01-16,-0.18601735,Sevilla
2016-02-15,-0.39026904,Sevilla
2016-03-16,-0.88369375,Sevilla
2016-04-16,0.650831,Sevilla
2016-05-16,1.4973575,Sevilla
2016-06-16,-1.8431708,Sevilla
2016-07-16,-1.4784703,Sevilla
2016-08-16,-1.8251061,Sevilla
2016-09-16,-1.4308279,Sevilla
2016-10-16,-0.07305724,Sevilla
2016-11-16,0.8166213,Sevilla
2016-12-16,0.39489532,Sevilla
2017-01-16,-1.0790434,Sevilla
2017-02-15,0.53497195,Sevilla
2017-03-16,-0.3449947,Sevilla
2017-04-16,0.111999445,Sevilla
2017-05-16,-0.98686945,Sevilla
2017-06-16,-2.1792376,Sevilla
2017-07-16,-0.979899,Sevilla
2017-08-16,-0.89008373,Sevilla
2017-09-16,-1.5679916,Sevilla
2017-10-16,-0.97052264,Sevilla
2017-11-16,-0.61290514,Sevilla
2017-12-16,-0.6046153,Sevilla
2018-01-16,-0.093270525,Sevilla
2018-02-15,-0.038419906,Sevilla
2018-03-16,1.9366504,Sevilla
2018-04-16,0.48146734,Sevilla
2018-05-16,-0.010824074,Sevilla
2018-06-16,0.20632367,Sevilla
2018-07-16,-0.26246583,Sevilla
2018-08-16,-1.4435899,Sevilla
2018-09-16,-0.35653916,Sevilla
2018-10-16,0.9757722,Sevilla
2018-11-16,0.6325836,Sevilla
2018-12-16,-1.5864042,Sevilla
2019-01-16,-0.7004985,Sevilla
2019-02-15,-1.6456057,Sevilla
2019-03-16,-1.6209388,Sevilla
2019-04-16,0.44051683,Sevilla
2019-05-16,-1.8107749,Sevilla
2019-06-16,-1.5484941,Sevilla
2019-07-16,-0.9701856,Sevilla
2019-08-16,-1.4435902,Sevilla
2019-09-16,0.48839122,Sevilla
2019-10-16,-1.0435658,Sevilla
2019-11-16,0.03334468,Sevilla
2019-12-16,0.37306622,Sevilla
2020-01-16,0.06984186,Sevilla
2020-02-15,-1.7555509,Sevilla
2020-03-16,0.08590423,Sevilla
2020-04-16,0.45968512,Sevilla
2020-05-16,0.039706834,Sevilla
2020-06-16,-1.276648,Sevilla
2020-07-16,-2.088863,Sevilla
2020-08-16,-1.2130471,Sevilla
2020-09-16,-0.6378552,Sevilla
2020-10-16,-0.68412256,Sevilla
2020-11-16,0.4721641,Sevilla
2020-12-16,-0.8446588,Sevilla
2021-01-16,0.75593555,Sevilla
2021-02-15,-0.3698507,Sevilla
2021-03-16,-0.995715,Sevilla
2021-04-16,-0.12013605,Sevilla
2021-05-16,-1.0462024,Sevilla
2021-06-16,-0.7593726,Sevilla
2021-07-16,-1.6099977,Sevilla
2021-08-16,-1.4344918,Sevilla
2021-09-16,-0.11137762,Sevilla
2021-10-16,-1.3035175,Sevilla
2021-11-16,-0.9845484,Sevilla
2021-12-16,-0.19415233,Sevilla
2022-01-16,-1.7398635,Sevilla
2022-02-15,-1.4539441,Sevilla
2022-03-16,1.2752428,Sevilla
2022-04-16,0.025539363,Sevilla
2022-05-16,-1.6418234,Sevilla
2022-06-16,-1.6821901,Sevilla
2022-07-16,-2.378439,Sevilla
2022-08-16,-0.8321733,Sevilla
2022-09-16,-0.5628075,Sevilla
2022-10-16,-1.2912003,Sevilla
2022-11-16,-1.1365379,Sevilla
2022-12-16,1.4083588,Sevilla
2023-01-16,-0.6646338,Sevilla
2023-02-15,-1.03793,Sevilla
2023-03-16,-1.5620085,Sevilla
2023-04-16,-2.534745,Sevilla
2023-05-16,-0.1343799,Sevilla
2023-06-16,0.19308442,Sevilla
2023-07-16,-1.8603489,Sevilla
2023-08-16,-2.321381,Sevilla
2023-09-16,0.32517168,Sevilla
2023-10-16,0.533912,Sevilla
2023-11-16,-1.2260815,Sevilla
2023-12-16,-1.3764488,Sevilla
2024-01-16,-0.25350717,Sevilla
2024-02-15,0.3190642,Sevilla
2024-03-16,1.6081882,Sevilla
2024-04-16,-1.8212285,Sevilla
2024-05-16,-1.7989912,Sevilla
2024-06-16,-0.24635011,Sevilla
2024-07-16,-1.6659966,Sevilla
2024-08-16,-2.0134087,Sevilla
2024-09-16,-0.85179526,Sevilla
2024-10-16,1.6137401,Sevilla
2024-11-16,-0.5170107,Sevilla
2024-12-16,-1.5088118,Sevilla
